City_ID,City,Country,Lat,Lng,Max Temp,Humidity,Cloudiness,Wind Speed,Current Description
0,Albany,US,42.6001,-73.9662,28.74,55,19,5.01,few clouds
1,Dutse,NG,11.7594,9.3392,63.91,21,0,9.66,clear sky
2,Rikitea,PF,-23.1203,-134.9692,78.48,74,100,9.06,overcast clouds
3,San Quintin,MX,30.4833,-115.95,65.39,56,0,4.65,clear sky
4,Nouadhibou,MR,20.931,-17.0347,69.78,68,100,11.5,overcast clouds
5,Salaverry,PE,-8.2333,-78.9667,70.18,83,78,13.27,broken clouds
6,Lebyazhye,RU,55.2689,66.4947,6.13,91,100,7.61,overcast clouds
7,Avarua,CK,-21.2078,-159.775,80.65,89,75,9.22,broken clouds
8,Ahipara,NZ,-35.1667,173.1667,64.53,63,56,8.08,broken clouds
9,Cape Town,ZA,-33.9258,18.4232,68.41,68,0,4.0,clear sky
10,Leningradskiy,RU,69.3833,178.4167,-35.07,92,11,1.86,few clouds
11,Drakino,RU,51.139,39.4021,11.43,92,88,12.44,overcast clouds
12,Aklavik,CA,68.2191,-135.0107,-14.8,70,75,10.36,broken clouds
13,Yaan,NG,7.3833,8.5667,81.37,17,34,5.88,scattered clouds
14,Busselton,AU,-33.65,115.3333,78.08,57,5,7.96,clear sky
15,Haines Junction,CA,60.7522,-137.5108,12.15,67,100,12.66,overcast clouds
16,Brae,GB,60.3964,-1.353,43.14,75,99,19.01,overcast clouds
17,Sibu,MY,2.3,111.8167,75.51,100,40,1.99,light rain
18,Khatanga,RU,71.9667,102.5,-10.55,95,100,5.84,overcast clouds
19,Bandar-E Anzali,IR,37.4727,49.4622,33.91,71,100,13.4,overcast clouds
20,Ancud,CL,-41.8697,-73.8203,63.93,65,87,12.19,overcast clouds
21,Westonaria,ZA,-26.3191,27.6486,71.85,52,0,4.83,clear sky
22,Isangel,VU,-19.55,169.2667,77.11,94,97,5.75,overcast clouds
23,Hervey Bay,AU,-25.2986,152.8535,76.01,78,99,4.0,overcast clouds
24,Tigil,RU,57.8,158.6667,-4.38,92,5,4.47,clear sky
25,Sitka,US,57.0531,-135.33,39.09,93,75,11.5,broken clouds
26,Karratha,AU,-20.7377,116.8463,84.43,66,5,12.59,light rain
27,Rosita,NI,13.9268,-84.4032,81.14,72,70,5.44,broken clouds
28,Koutiala,ML,12.3917,-5.4642,77.59,12,0,8.63,clear sky
29,Saint-Philippe,RE,-21.3585,55.7679,80.15,84,43,7.63,scattered clouds
30,Carnarvon,AU,-24.8667,113.6333,78.87,78,0,10.36,clear sky
31,Hobart,AU,-42.8794,147.3294,55.27,88,70,4.0,broken clouds
32,Ribeira Grande,PT,38.5167,-28.7,66.6,72,20,16.11,few clouds
33,Nanortalik,GL,60.1432,-45.2371,28.81,85,100,20.87,light snow
34,Esperance,AU,-33.8667,121.9,57.04,88,0,9.48,clear sky
35,Dzilam Gonzalez,MX,21.2833,-88.9333,86.31,44,0,5.61,clear sky
36,Atuona,PF,-9.8,-139.0333,78.71,73,14,22.28,few clouds
37,Taltal,CL,-25.4,-70.4833,70.77,72,36,9.28,scattered clouds
38,Talnakh,RU,69.4865,88.3972,13.21,95,100,11.59,light snow
39,Chapais,CA,49.7834,-74.8492,-13.22,87,100,8.55,overcast clouds
40,New Norfolk,AU,-42.7826,147.0587,54.91,70,72,2.75,broken clouds
41,Baoding,CN,38.8511,115.4903,19.63,70,7,3.24,clear sky
42,Houlton,US,46.1262,-67.8403,14.72,67,100,8.05,overcast clouds
43,Nuuk,GL,64.1835,-51.7216,18.21,93,100,10.36,overcast clouds
44,Shakawe,BW,-18.3667,21.85,72.32,72,55,4.59,broken clouds
45,Kiruna,SE,67.8557,20.2251,23.92,80,0,16.11,clear sky
46,Shizunai,JP,42.3339,142.3669,21.99,75,1,13.02,clear sky
47,Ushuaia,AR,-54.8,-68.3,71.26,35,0,3.44,clear sky
48,Butaritari,KI,3.0707,172.7902,81.63,71,29,16.58,scattered clouds
49,Teya,RU,60.3778,92.6267,5.86,98,100,4.16,overcast clouds
50,Christchurch,NZ,-43.5333,172.6333,56.03,87,75,1.14,broken clouds
51,Hasaki,JP,35.7333,140.8333,32.4,46,1,21.03,clear sky
52,Barranca,PE,-10.75,-77.7667,76.33,70,71,14.97,broken clouds
53,Puerto Ayora,EC,-0.7393,-90.3518,84.16,82,96,8.21,light rain
54,Klaksvik,FO,62.2266,-6.589,43.72,87,96,22.77,overcast clouds
55,Vaini,TO,-21.2,-175.2,81.43,80,6,19.37,clear sky
56,Tuktoyaktuk,CA,69.4541,-133.0374,-23.8,76,75,16.11,light snow
57,Raga,SS,8.4596,25.678,71.96,21,58,6.2,broken clouds
58,Fortuna,US,40.5982,-124.1573,53.33,93,40,3.0,scattered clouds
59,East London,ZA,-33.0153,27.9116,76.14,88,0,8.05,clear sky
60,Dajal,PK,29.5577,70.3762,59.05,51,0,4.76,clear sky
61,Punta Arenas,CL,-53.15,-70.9167,75.22,40,0,5.75,clear sky
62,College,US,64.8569,-147.8028,-5.42,78,20,0.0,few clouds
63,Longyearbyen,SJ,78.2186,15.6401,8.44,78,20,3.44,few clouds
64,Riyadh,SA,24.6877,46.7219,53.74,43,0,19.93,clear sky
65,Quzhou,CN,28.9594,118.8686,45.0,84,100,7.9,overcast clouds
66,Clyde River,CA,70.4692,-68.5914,-0.17,78,100,10.36,light snow
67,Metro,ID,-5.1131,105.3067,73.67,91,100,3.09,overcast clouds
68,Biloela,AU,-24.4167,150.5,72.19,77,100,17.36,overcast clouds
69,Saint-Georges,GD,12.0564,-61.7485,83.88,65,40,25.32,scattered clouds
70,Port Elizabeth,ZA,-33.918,25.5701,74.1,88,75,25.32,broken clouds
71,Flinders,AU,-34.5833,150.8552,67.21,86,100,3.0,overcast clouds
72,Torbay,CA,47.6666,-52.7314,44.76,93,100,21.85,light rain
73,Nicoya,CR,10.1483,-85.452,90.95,33,6,9.08,clear sky
74,Saskylakh,RU,71.9167,114.0833,-21.91,99,44,6.42,scattered clouds
75,Nikolskoye,RU,59.7035,30.7861,34.88,90,96,7.34,overcast clouds
76,Leshukonskoye,RU,64.8989,45.7622,30.31,94,100,9.82,overcast clouds
77,Auki,SB,-8.7676,160.7034,76.12,94,100,4.09,overcast clouds
78,Kieta,PG,-6.2167,155.6333,77.83,83,100,1.23,light rain
79,Kapaa,US,22.0752,-159.319,69.78,100,40,4.61,scattered clouds
80,Hamilton,US,39.1834,-84.5333,29.59,52,40,4.0,scattered clouds
81,Okhotsk,RU,59.3833,143.3,-12.62,75,68,8.01,broken clouds
82,Tiksi,RU,71.6872,128.8694,-8.05,88,100,12.93,overcast clouds
83,Iqaluit,CA,63.7506,-68.5145,-20.31,68,20,4.0,few clouds
84,Presidente Epitacio,BR,-21.7633,-52.1156,94.42,31,98,4.97,light rain
85,Den Helder,NL,52.9599,4.7593,39.97,77,75,8.99,broken clouds
86,Morazan,HN,15.3167,-87.6,86.81,50,32,2.95,scattered clouds
87,Sangre Grande,TT,10.5835,-61.1177,87.76,64,96,10.85,overcast clouds
88,Bontang,ID,0.1333,117.5,75.47,93,100,2.8,heavy intensity rain
89,Kalmunai,LK,7.4167,81.8167,72.88,70,80,6.26,broken clouds
90,Mataura,NZ,-46.1927,168.8643,54.48,96,86,6.67,overcast clouds
91,Cap Malheureux,MU,-19.9842,57.6142,81.09,88,86,3.0,overcast clouds
92,Cidreira,BR,-30.1811,-50.2056,81.39,79,3,11.9,clear sky
93,Waw,SS,7.7029,27.9953,76.86,22,100,6.17,overcast clouds
94,Peyima,SL,8.7,-11.0333,78.76,16,100,3.02,overcast clouds
95,Yellowknife,CA,62.456,-114.3525,-8.88,77,100,10.36,light snow
96,Cayenne,GF,4.9333,-52.3333,84.24,81,75,7.0,broken clouds
97,Srednekolymsk,RU,67.45,153.6833,-40.72,99,39,3.13,scattered clouds
98,Hithadhoo,MV,-0.6,73.0833,82.22,73,100,6.87,overcast clouds
99,La Ronge,CA,55.1001,-105.2842,-1.95,71,100,8.05,overcast clouds
100,Bredasdorp,ZA,-34.5322,20.0403,65.52,72,0,8.05,clear sky
101,San Cristobal,VE,7.7669,-72.225,80.78,43,100,6.2,overcast clouds
102,Bambous Virieux,MU,-20.3428,57.7575,80.85,94,40,6.91,light rain
103,Carberry,CA,49.8689,-99.3602,-4.34,79,0,9.62,clear sky
104,Gushi,CN,34.6425,109.5843,32.31,64,100,10.18,light snow
105,Parabel,RU,58.6978,81.4825,9.01,96,96,5.28,overcast clouds
106,Tuatapere,NZ,-46.1333,167.6833,54.82,87,98,9.13,overcast clouds
107,Belaya Gora,RU,68.5333,146.4167,-45.35,100,55,2.59,broken clouds
108,Khani,GE,41.9563,42.9566,22.57,98,100,3.33,snow
109,Eureka,US,40.8021,-124.1637,53.2,97,22,5.57,few clouds
110,Itoman,JP,26.1247,127.6694,59.02,58,6,6.91,clear sky
111,Kaitangata,NZ,-46.2817,169.8464,57.92,82,98,12.53,overcast clouds
112,Logan Lake,CA,50.4998,-120.8025,26.44,100,100,5.17,overcast clouds
113,Lima,PE,-12.0432,-77.0282,76.14,68,75,1.01,broken clouds
114,Upernavik,GL,72.7868,-56.1549,9.5,91,100,21.05,overcast clouds
115,Abu Kamal,SY,34.4506,40.9171,38.79,34,0,8.79,clear sky
116,Bluff,NZ,-46.6,168.3333,54.81,70,81,16.51,broken clouds
117,Hofn,IS,64.2539,-15.2082,42.31,81,100,5.82,overcast clouds
118,Beringovskiy,RU,63.05,179.3167,-20.0,87,4,12.06,clear sky
119,Nome,US,64.5011,-165.4064,3.27,72,100,9.22,overcast clouds
120,Uray,RU,60.1247,64.7758,17.8,94,92,8.95,overcast clouds
121,Cabo San Lucas,MX,22.8909,-109.9124,75.51,75,100,3.0,overcast clouds
122,Mujiayingzi,CN,42.1167,118.7833,11.43,63,0,2.46,clear sky
123,Jacksonville,US,30.3322,-81.6556,75.43,54,75,1.01,broken clouds
124,Shellbrook,CA,53.2168,-106.4011,5.47,88,100,12.59,overcast clouds
125,Merano,IT,46.6682,11.1595,47.55,73,11,8.43,few clouds
126,Brcko,BA,44.8728,18.8083,39.15,98,100,3.85,light rain
127,Kirkwall,GB,58.9848,-2.9587,41.05,87,40,13.8,scattered clouds
128,Wadi Maliz,TN,36.4681,8.5495,49.66,90,1,2.48,clear sky
129,Elizabeth City,US,36.2946,-76.2511,59.02,56,20,3.0,few clouds
130,Nouakchott,MR,18.0858,-15.9785,82.33,48,58,9.84,broken clouds
131,Adrar,MR,20.5022,-10.0711,71.58,16,0,9.89,clear sky
132,Trairi,BR,-3.2778,-39.2689,82.81,70,88,11.03,overcast clouds
133,Saldanha,ZA,-33.0117,17.9442,69.85,84,0,20.71,clear sky
134,Manbij,SY,36.5281,37.9549,29.17,54,0,6.51,clear sky
135,Vardo,NO,70.3705,31.1107,28.6,86,40,9.22,scattered clouds
136,Lata,PT,40.1629,-8.3327,53.06,76,0,3.44,clear sky
137,Lorengau,PG,-2.0226,147.2712,81.21,77,100,9.84,overcast clouds
138,Castro,BR,-24.7911,-50.0119,80.17,62,75,3.33,broken clouds
139,Talakan,RU,50.3167,130.3667,-20.76,100,100,0.04,overcast clouds
140,Omsukchan,RU,62.5333,155.8,-16.56,57,0,2.84,clear sky
141,Souillac,MU,-20.5167,57.5167,80.98,94,40,6.91,scattered clouds
142,Neuquen,AR,-38.9516,-68.0591,78.69,53,0,3.44,clear sky
143,Hermanus,ZA,-34.4187,19.2345,67.89,82,0,5.1,clear sky
144,Tyup,KG,42.7276,78.3648,18.19,85,64,4.59,broken clouds
145,Qaanaaq,GL,77.484,-69.3632,7.66,64,100,6.06,overcast clouds
146,Llata,PE,-9.4167,-76.7833,60.75,71,93,7.16,overcast clouds
147,Petropavlovsk-Kamchatskiy,RU,53.0452,158.6483,25.39,59,75,11.18,broken clouds
148,Nurota,UZ,40.5614,65.6886,37.49,58,0,1.74,clear sky
149,Severnoye,RU,56.3491,78.3619,-4.02,100,99,4.16,overcast clouds
150,Adelaide,AU,-34.9333,138.6,80.19,39,9,3.0,clear sky
151,Port Alfred,ZA,-33.5906,26.891,75.25,87,6,3.74,clear sky
152,Moree,AU,-29.4667,149.85,60.82,77,0,4.61,clear sky
153,Poum,NC,-20.2333,164.0167,80.96,76,49,5.77,scattered clouds
154,Belyy Yar,RU,53.6039,91.3903,-5.91,96,75,2.24,broken clouds
155,Xichang,CN,27.8964,102.2634,40.71,78,36,1.77,scattered clouds
156,Dikson,RU,73.5069,80.5464,3.52,93,100,17.63,overcast clouds
157,Ulaangom,MN,49.9811,92.0667,-3.8,99,100,0.89,overcast clouds
158,Jamestown,US,42.097,-79.2353,18.72,49,75,5.99,broken clouds
159,Narsaq,GL,60.9167,-46.05,32.22,89,100,18.37,light snow
160,Hobyo,SO,5.3505,48.5268,77.88,73,76,17.09,broken clouds
161,Hilo,US,19.7297,-155.09,71.8,92,100,0.0,light rain
162,Praia Da Vitoria,PT,38.7333,-27.0667,63.75,100,20,19.48,few clouds
163,Barcelona,ES,41.3888,2.159,52.48,71,0,3.0,clear sky
164,Cherskiy,RU,68.75,161.3,-38.2,99,31,1.63,scattered clouds
165,Vestmannaeyjar,IS,63.4427,-20.2734,47.39,93,100,17.27,drizzle
166,Guerrero Negro,MX,27.9769,-114.0611,69.49,41,0,9.46,clear sky
167,Asfi,MA,32.2994,-9.2372,61.29,63,100,7.25,overcast clouds
168,Deputatskiy,RU,69.3,139.9,-21.77,75,96,4.05,overcast clouds
169,Popondetta,PG,-8.7537,148.2534,73.65,97,100,2.91,overcast clouds
170,Kavieng,PG,-2.5744,150.7967,80.71,77,100,11.52,light rain
171,Te Anau,NZ,-45.4167,167.7167,51.8,88,100,0.81,overcast clouds
172,Yumen,CN,40.2833,97.2,23.92,40,1,8.08,clear sky
173,Northam,GB,51.0333,-4.2167,41.02,81,26,4.29,scattered clouds
174,Lodwar,KE,3.1191,35.5973,82.81,40,100,10.18,overcast clouds
175,Peringat,MY,6.0333,102.2833,75.15,94,20,2.3,few clouds
176,Kudahuvadhoo,MV,2.6708,72.8944,81.23,71,65,6.93,broken clouds
177,Hambantota,LK,6.1241,81.1185,71.94,100,20,1.14,few clouds
178,Bengkulu,ID,-3.8004,102.2655,74.95,89,100,4.72,moderate rain
179,Aquin,HT,18.2833,-73.4,81.66,62,4,7.05,clear sky
180,Katsuura,JP,35.1333,140.3,41.02,49,0,20.94,clear sky
181,Provideniya,RU,64.3833,-173.3,-11.94,81,19,6.26,few clouds
182,Yar-Sale,RU,66.8333,70.8333,14.25,88,91,20.96,overcast clouds
183,Pringsewu,ID,-5.3582,104.9744,72.01,95,81,1.95,broken clouds
184,Itupiranga,BR,-5.1347,-49.3267,88.12,62,97,2.46,overcast clouds
185,Morehead,US,37.2711,-87.1764,23.95,72,100,8.01,overcast clouds
186,Faanui,PF,-16.4833,-151.75,81.32,77,100,22.48,overcast clouds
187,Candolim,IN,15.5181,73.7626,77.0,69,6,6.91,clear sky
188,Soe,ID,-9.8607,124.284,65.93,97,100,3.15,overcast clouds
189,Curitibanos,BR,-27.2828,-50.5844,80.96,48,88,2.35,overcast clouds
190,Vila Velha,BR,-20.3297,-40.2925,85.95,71,0,5.01,clear sky
191,Pombia,IT,45.653,8.6336,45.61,77,23,3.44,mist
192,Caucaia,BR,-3.7361,-38.6531,85.95,73,40,11.5,scattered clouds
193,Nampula,MZ,-15.1165,39.2666,75.15,88,20,5.75,few clouds
194,Touros,BR,-5.1989,-35.4608,88.7,61,12,15.05,few clouds
195,Urucara,BR,-2.5364,-57.76,89.6,54,94,3.33,overcast clouds
196,Puerto Penasco,MX,31.3167,-113.5333,67.91,36,0,4.0,clear sky
197,Manokwari,ID,-0.8667,134.0833,77.85,85,100,3.11,overcast clouds
198,Taseyevo,RU,57.2169,94.8978,2.28,98,91,2.24,overcast clouds
199,Uyaan,PH,7.8631,124.0411,61.59,94,100,2.89,overcast clouds
200,Babu,CN,24.4167,111.5167,56.91,83,100,1.43,overcast clouds
201,Port Blair,IN,11.6667,92.75,75.24,94,40,0.0,mist
202,Nelson Bay,AU,-32.7167,152.15,71.01,75,100,1.01,overcast clouds
203,Mar Del Plata,AR,-38.0023,-57.5575,75.09,92,100,4.0,overcast clouds
204,Blairmore,CA,49.6,-114.4353,36.99,60,100,10.36,overcast clouds
205,Seoul,KR,37.5683,126.9778,20.64,86,0,4.61,clear sky
206,Ixtapa,MX,20.7,-105.2,78.03,44,75,4.61,broken clouds
207,Arraial Do Cabo,BR,-22.9661,-42.0278,87.76,74,0,17.27,clear sky
208,Kendari,ID,-3.945,122.4989,75.81,88,100,5.77,overcast clouds
209,Moerai,PF,-22.4333,-151.3333,79.27,70,100,18.9,overcast clouds
210,Tasiilaq,GL,65.6145,-37.6368,30.36,97,100,23.58,snow
211,Hami,CN,42.8,93.45,27.57,42,100,2.64,overcast clouds
212,Mahebourg,MU,-20.4081,57.7,80.89,94,40,6.91,scattered clouds
213,Dasoguz,TM,41.8363,59.9666,30.15,93,100,13.8,overcast clouds
214,Pryazha,RU,61.6926,33.6216,31.24,98,100,5.82,light snow
215,Narrabri,AU,-30.3167,149.7833,62.69,67,0,11.5,clear sky
216,Samarai,PG,-10.6167,150.6667,80.2,80,89,10.4,overcast clouds
217,Thompson,CA,55.7435,-97.8558,-12.84,77,40,5.75,scattered clouds
218,Kawalu,ID,-7.3817,108.2082,71.06,94,100,0.4,overcast clouds
219,Nuevo Progreso,MX,23.1667,-97.95,76.59,73,100,8.99,overcast clouds
220,Olinda,BR,-8.0089,-34.8553,83.93,70,40,11.5,scattered clouds
221,Namibe,AO,-15.1961,12.1522,71.62,80,100,7.11,overcast clouds
222,Namatanai,PG,-3.6667,152.4333,79.18,83,100,7.49,moderate rain
223,Culpeper,US,38.5004,-77.9664,36.1,67,0,5.01,clear sky
224,Cabedelo,BR,-6.9811,-34.8339,88.47,67,7,12.82,clear sky
225,Airai,TL,-8.9266,125.4092,61.05,99,100,3.42,overcast clouds
226,Estacion Coahuila,MX,32.1939,-115.0017,70.97,18,0,24.11,clear sky
227,Georgetown,MY,5.4112,100.3354,81.9,90,20,1.99,few clouds
228,Moindou,NC,-21.6924,165.677,75.15,87,62,9.28,broken clouds
229,Sujiatun,CN,41.6592,123.3392,-0.22,65,0,6.71,clear sky
230,Podporozhye,RU,60.9112,34.1706,31.59,96,100,8.68,snow
231,Inhambane,MZ,-23.865,35.3833,76.98,88,20,4.61,few clouds
232,Salalah,OM,17.0151,54.0924,77.09,78,0,4.61,clear sky
233,Chokurdakh,RU,70.6333,147.9167,-33.5,96,90,7.07,overcast clouds
234,Sorland,NO,67.667,12.6934,30.27,66,100,27.2,light snow
235,Svodna,BA,45.0372,16.5383,37.22,99,100,3.89,light rain
236,Chumikan,RU,54.7183,135.315,-10.5,87,22,18.63,few clouds
237,Pangnirtung,CA,66.1451,-65.7125,-20.2,76,20,3.44,few clouds
238,Viedma,AR,-40.8135,-62.9967,75.22,65,94,21.85,overcast clouds
239,Sur,OM,22.5667,59.5289,73.56,82,16,6.98,few clouds
240,Dimitrovgrad,RU,54.2139,49.6184,10.45,96,99,7.47,overcast clouds
241,Smiltene,LV,57.4244,25.9016,31.8,97,100,5.44,light snow
242,Husavik,IS,66.0449,-17.3389,48.11,87,100,15.64,overcast clouds
243,Waingapu,ID,-9.6567,120.2641,77.59,86,100,8.3,overcast clouds
244,Sargatskoye,RU,55.6101,73.4972,-1.73,98,84,5.88,broken clouds
245,San Patricio,US,28.017,-97.5169,44.69,48,100,20.02,overcast clouds
246,Pinhal Novo,PT,38.6311,-8.9138,57.74,71,0,6.91,clear sky
247,Henties Bay,NA,-22.116,14.2845,72.86,87,100,5.93,overcast clouds
248,The Valley,AI,18.217,-63.0578,84.06,69,40,17.27,scattered clouds
249,Yinchuan,CN,38.4681,106.2731,29.01,46,100,2.73,overcast clouds
250,Marrakesh,MA,31.6315,-8.0083,62.67,27,40,3.44,scattered clouds
251,Upington,ZA,-28.4478,21.2561,79.18,53,40,14.97,scattered clouds
252,Bubaque,GW,11.2833,-15.8333,78.85,76,100,13.02,overcast clouds
253,Alexandria,EG,31.2156,29.9553,53.56,66,40,0.0,scattered clouds
254,Buala,SB,-8.145,159.5921,78.94,85,95,10.42,overcast clouds
255,Iquitos,PE,-3.7481,-73.2472,84.24,74,75,5.75,broken clouds
256,Griffith,US,41.5284,-87.4237,21.09,70,40,1.01,scattered clouds
257,Carauari,BR,-4.8828,-66.8958,85.77,68,62,1.41,very heavy rain
258,Rosetta,EG,31.4044,30.4164,53.42,53,80,3.18,broken clouds
259,Kodiak,US,57.79,-152.4072,26.11,93,75,0.0,broken clouds
260,Balangir,IN,20.7167,83.4833,61.93,46,5,2.26,clear sky
261,Kangaatsiaq,GL,68.3065,-53.4641,17.58,86,100,15.77,light snow
262,Boyolangu,ID,-8.1181,111.8935,73.42,89,100,1.66,overcast clouds
263,Bilma,NE,18.6853,12.9164,59.16,20,0,7.58,clear sky
264,Ballina,AU,-28.8667,153.5667,69.76,84,75,17.27,broken clouds
265,Cap-Aux-Meules,CA,47.3821,-61.8597,26.65,68,75,16.11,broken clouds
266,Ostrovnoy,RU,68.0531,39.5131,17.1,79,100,6.73,overcast clouds
267,Lompoc,US,34.6391,-120.4579,72.57,65,0,8.05,clear sky
268,Lazaro Cardenas,MX,17.9583,-102.2,83.1,51,13,8.46,few clouds
269,Los Llanos De Aridane,ES,28.6585,-17.9182,64.15,72,75,12.66,broken clouds
270,Harnosand,SE,62.6323,17.9379,33.01,60,20,28.83,few clouds
271,Sao Jose Da Coroa Grande,BR,-8.8978,-35.1478,83.32,68,2,9.66,clear sky
272,Luderitz,NA,-26.6481,15.1594,72.61,65,19,14.56,few clouds
273,Meulaboh,ID,4.1363,96.1285,76.05,89,55,3.96,broken clouds
274,Morros,BR,-9.4467,-46.3003,87.35,41,0,7.67,clear sky
275,Karia,NG,11.7306,11.1629,63.9,22,10,10.87,clear sky
276,Banyo,CM,6.75,11.8167,70.16,29,30,3.51,scattered clouds
277,Pacific Grove,US,36.6177,-121.9166,66.56,63,0,8.99,clear sky
278,Puro,PH,12.4841,123.3827,75.88,88,100,8.61,overcast clouds
279,Bathsheba,BB,13.2167,-59.5167,84.81,61,40,25.32,scattered clouds
280,Chimbote,PE,-9.0853,-78.5783,77.4,71,41,14.18,scattered clouds
281,Pokrovsk,UA,48.282,37.1758,21.13,77,77,13.44,broken clouds
282,Gorom-Gorom,BF,14.4439,-0.2361,71.15,14,0,10.4,clear sky
283,Dergachi,RU,51.2328,48.7659,6.35,100,80,3.4,broken clouds
284,Laguna,US,38.421,-121.4238,63.64,77,0,1.01,clear sky
285,Tessalit,ML,20.1986,1.0114,65.39,15,0,10.22,clear sky
286,Chernyshevskiy,RU,63.0128,112.4714,-8.32,100,100,2.91,overcast clouds
287,Ponta Do Sol,PT,32.6667,-17.1,65.03,77,100,15.5,overcast clouds
288,Norman Wells,CA,65.282,-126.8329,-12.96,70,100,17.27,light snow
289,Macklin,CA,52.3334,-109.9348,13.33,89,100,12.35,overcast clouds
290,Rocha,UY,-34.4833,-54.3333,81.84,76,70,12.26,broken clouds
291,Qasigiannguit,GL,68.8193,-51.1922,21.45,96,100,5.35,light snow
292,Lishu,CN,43.3047,124.3278,6.24,62,14,6.11,few clouds
293,Turukhansk,RU,65.8167,87.9833,7.34,95,100,12.82,overcast clouds
294,Novikovo,RU,51.1537,37.8879,16.7,93,100,12.41,overcast clouds
295,Bethel,US,41.3712,-73.414,34.16,71,75,1.99,snow
296,Neiafu,TO,-18.65,-173.9833,82.27,79,68,21.83,broken clouds
297,Havre-Saint-Pierre,CA,50.2334,-63.5986,14.59,72,0,5.75,clear sky
298,Kahului,US,20.8947,-156.47,76.84,84,0,3.44,clear sky
299,Pevek,RU,69.7008,170.3133,-36.62,97,18,1.23,few clouds
300,Altay,CN,47.8667,88.1167,12.49,93,100,3.6,overcast clouds
301,Tari,NG,12.4086,4.4914,69.87,16,0,10.42,clear sky
302,Gayeri,BF,12.6497,0.4931,72.64,13,0,9.26,clear sky
303,Bandundu,CD,-3.3167,17.3667,78.04,73,84,3.62,broken clouds
304,Monrovia,LR,6.3005,-10.7969,85.77,74,100,9.55,overcast clouds
305,Tomatlan,MX,19.9333,-105.25,86.67,26,100,5.66,overcast clouds
306,Jardim,BR,-21.4803,-56.1381,93.99,39,29,5.93,scattered clouds
307,Caruray,PH,10.3094,119.0128,76.82,88,78,6.24,broken clouds
308,Jonesboro,US,35.8423,-90.7043,24.67,49,0,18.99,clear sky
309,Severodvinsk,RU,64.5635,39.8302,33.91,94,100,9.13,overcast clouds
310,Filadelfia,US,39.9523,-75.1638,34.99,78,100,4.0,overcast clouds
311,Kangaba,ML,11.9333,-8.4167,78.82,13,24,5.32,few clouds
312,Beloha,MG,-25.1667,45.05,71.89,76,100,11.83,overcast clouds
313,Komsomolskiy,UZ,40.4272,71.7189,36.82,80,0,2.3,clear sky
314,Labuhan,ID,-6.8844,112.2051,75.02,87,100,6.2,overcast clouds
315,Crixas,BR,-14.5489,-49.9692,86.2,59,33,3.31,scattered clouds
316,Oistins,BB,13.0667,-59.5333,84.29,61,40,25.32,scattered clouds
317,Alamosa,US,37.4695,-105.87,36.66,51,0,3.44,clear sky
318,Barrow,US,71.2906,-156.7887,-20.18,76,75,6.91,broken clouds
319,Creel,MX,27.75,-107.6333,50.88,27,5,9.15,clear sky
320,Anloga,GH,5.7947,0.8973,84.42,58,34,10.8,scattered clouds
321,Vila Franca Do Campo,PT,37.7167,-25.4333,66.2,86,27,18.48,scattered clouds
322,Fazilka,IN,30.4,74.0333,52.36,87,0,5.84,clear sky
323,Alofi,NU,-19.0595,-169.9187,80.49,83,72,11.5,broken clouds
324,Cockburn Town,TC,21.4612,-71.1419,80.56,69,40,17.27,scattered clouds
325,Coquimbo,CL,-29.9533,-71.3436,69.1,60,0,12.53,clear sky
326,Victoria,HK,22.2855,114.1577,64.45,83,95,5.01,overcast clouds
327,Kruisfontein,ZA,-34.0033,24.7314,70.88,89,0,16.49,clear sky
328,Lincoln,US,40.8,-96.667,14.38,50,0,3.0,clear sky
329,Brignoles,FR,43.4,6.0667,43.18,63,0,5.77,clear sky
330,Dombarovskiy,RU,50.7587,59.5386,-2.56,100,36,5.03,scattered clouds
331,Saint George,US,37.1041,-113.5841,53.64,39,0,1.01,clear sky
332,Hong Gai,VN,20.956,107.0946,62.51,87,100,5.44,overcast clouds
333,Tirumullaivasal,IN,11.2333,79.8333,74.19,68,11,6.6,few clouds
334,Sao Filipe,CV,14.8961,-24.4956,73.58,78,100,4.54,overcast clouds
335,Borogontsy,RU,62.6683,131.1683,-39.35,99,48,3.2,scattered clouds
336,Dolores,AR,-36.3132,-57.6792,81.18,67,71,17.02,moderate rain
337,Majene,ID,-3.5403,118.9707,76.08,94,100,7.09,very heavy rain
338,Kuching,MY,1.55,110.3333,73.62,100,20,0.0,few clouds
339,Lagoa,PT,39.05,-27.9833,61.63,86,76,20.11,broken clouds
340,Cassilandia,BR,-19.1133,-51.7342,87.84,48,73,4.54,broken clouds
341,Alta Floresta,BR,-9.8756,-56.0861,91.22,58,40,5.75,scattered clouds
342,Mihaesti,RO,45.0333,24.25,32.67,88,12,2.35,few clouds
343,Constitucion,CL,-35.3333,-72.4167,66.04,50,0,14.83,clear sky
344,Bereda,ES,43.2686,-7.5406,48.92,96,18,7.99,few clouds
345,Pandan,PH,14.0453,124.1694,75.85,90,62,14.43,broken clouds
346,Chimore,BO,-16.9833,-65.1333,84.6,69,100,1.88,overcast clouds
347,Japura,ID,-0.3167,102.35,72.3,94,100,1.57,overcast clouds
348,Marawi,PH,7.9986,124.2928,64.65,91,100,2.48,overcast clouds
349,Grand Gaube,MU,-20.0064,57.6608,81.37,88,89,5.01,overcast clouds
350,Bam,IR,29.106,58.357,55.0,46,0,6.17,clear sky
351,Punta De Bombon,PE,-17.1717,-71.7931,73.44,80,70,10.36,broken clouds
352,Champerico,GT,14.3,-91.9167,91.94,62,0,11.65,clear sky
353,Mandali,IQ,33.7499,45.5541,40.28,48,19,4.83,few clouds
354,Muzhi,RU,65.3667,64.6667,16.97,82,99,19.8,overcast clouds
355,Jiaojiang,CN,28.6803,121.4428,46.0,81,100,5.08,overcast clouds
356,Valderrama,PH,11.4059,122.0837,76.12,86,47,8.01,scattered clouds
357,Goryachiy Klyuch,RU,44.6308,39.13,29.44,74,89,10.07,snow
358,Gizo,SB,-8.103,156.8419,79.43,83,100,5.03,moderate rain
359,Oranjemund,NA,-28.55,16.4333,67.69,77,26,8.55,scattered clouds
360,Baghdad,IQ,33.3406,44.4009,42.71,36,0,10.36,dust
361,Chaupimarca,PE,-10.4333,-76.5333,50.5,57,89,9.78,overcast clouds
362,Waipawa,NZ,-41.4122,175.5153,54.23,73,1,1.19,clear sky
363,Moville,US,42.4889,-96.0725,9.9,63,0,2.59,clear sky
364,Moron,AR,-34.6534,-58.6198,87.8,66,0,5.01,clear sky
365,Susangerd,IR,31.5608,48.1831,46.42,29,0,18.34,clear sky
366,Wamba,NG,8.9333,8.6,74.88,22,20,2.84,few clouds
367,Ondjiva,AO,-17.0667,15.7333,71.01,57,100,4.14,overcast clouds
368,Grindavik,IS,63.8424,-22.4338,46.87,100,100,28.77,light intensity drizzle
369,Ahuimanu,US,21.4447,-157.8378,76.78,82,0,1.99,clear sky
370,Dagana,MR,16.5165,-15.5068,93.18,11,16,9.57,few clouds
371,Awbari,LY,26.5921,12.7805,52.88,44,6,7.87,clear sky
372,Mkushi,ZM,-13.6202,29.3939,63.57,96,100,2.1,moderate rain
373,Sironko,UG,1.2313,34.2477,69.94,53,100,4.27,overcast clouds
374,Sao Joao Da Barra,BR,-21.6403,-41.0511,87.89,80,0,11.18,clear sky
375,Zhenjiang,CN,32.2092,119.4342,34.81,80,100,8.39,overcast clouds
376,Mount Gambier,AU,-37.8333,140.7667,64.31,63,0,9.22,clear sky
377,Zheleznodorozhnyy,RU,55.7503,38.0042,27.12,91,100,13.38,light snow
378,Rawson,AR,-43.3002,-65.1023,67.03,89,100,12.68,light rain
379,Holme,DK,56.1138,10.1725,32.31,63,0,14.97,clear sky
380,Biak,ID,-0.9131,122.8766,76.01,83,100,2.98,overcast clouds
381,Fort Nelson,CA,58.8053,-122.7002,0.99,78,100,3.44,light snow
382,Zholymbet,KZ,51.7433,71.7122,-7.96,99,31,2.68,scattered clouds
383,Luanda,AO,-8.8368,13.2343,78.8,69,20,9.22,few clouds
384,Assiniboia,CA,49.6334,-105.9845,12.02,62,100,12.66,overcast clouds
385,Mayo,US,38.8876,-76.5119,37.9,85,100,8.01,light rain
386,Lira,UG,2.235,32.9097,70.92,54,100,5.41,overcast clouds
387,Ilulissat,GL,69.2167,-51.1,21.22,86,100,3.44,light snow
388,Albury,AU,-36.0833,146.9167,60.01,94,3,2.3,clear sky
389,Vilhena,BR,-12.7406,-60.1458,77.22,73,75,14.97,broken clouds
390,Abu Zabad,SD,12.35,29.25,63.86,13,100,15.19,overcast clouds
391,Port Macquarie,AU,-31.4333,152.9167,64.89,76,100,10.89,overcast clouds
392,Marsh Harbour,BS,26.5412,-77.0636,75.43,68,0,12.3,clear sky
393,Artyom,AZ,40.4723,50.333,33.94,71,100,34.2,overcast clouds
394,Port Hedland,AU,-20.3167,118.5667,84.25,79,40,9.22,scattered clouds
395,Codrington,AU,-38.2667,141.9667,59.41,62,0,6.4,clear sky
396,La Seyne-Sur-Mer,FR,43.0982,5.8847,45.61,70,0,10.6,clear sky
397,Nikolayevka,RU,53.1257,47.2041,20.91,92,100,9.55,overcast clouds
398,Naliya,IN,23.2667,68.8333,70.32,92,0,8.28,clear sky
399,Nara,JP,34.6851,135.8049,36.68,56,23,9.69,few clouds
400,Trapani,IT,37.8333,12.6667,53.78,82,75,9.22,broken clouds
401,Saint-Augustin,CA,51.226,-58.6502,11.95,92,100,7.23,light snow
402,Barra Da Estiva,BR,-13.6261,-41.3269,77.18,58,30,6.64,scattered clouds
403,Hovd,MN,48.0056,91.6419,6.64,89,100,3.98,overcast clouds
404,Grinnell,US,41.743,-92.7224,1.11,78,0,9.22,clear sky
405,Pontianak,ID,-0.0333,109.3333,76.98,94,100,2.3,overcast clouds
406,Surt,LY,31.2089,16.5887,56.98,65,9,4.61,clear sky
407,Tecoanapa,MX,16.5167,-98.75,81.5,69,0,9.01,clear sky
408,Mitsamiouli,KM,-11.3847,43.2844,82.69,78,20,5.75,few clouds
409,Makakilo City,US,21.3469,-158.0858,75.61,83,0,5.75,clear sky
410,Pisco,PE,-13.7,-76.2167,75.25,73,0,20.71,clear sky
411,Tual,ID,-5.6667,132.75,82.78,77,100,18.03,overcast clouds
412,High Prairie,CA,55.4334,-116.4858,31.3,87,100,14.16,overcast clouds
413,Taoudenni,ML,22.6783,-3.9836,68.54,15,2,9.4,clear sky
414,Indramayu,ID,-6.3264,108.32,77.14,83,100,8.79,overcast clouds
415,Sinnamary,GF,5.3833,-52.95,80.51,78,100,9.22,overcast clouds
416,Rovnoye,RU,50.7765,46.0509,1.92,98,53,2.62,broken clouds
417,Tazovskiy,RU,67.4667,78.7,9.3,92,100,16.06,overcast clouds
418,Half Moon Bay,US,37.4636,-122.4286,64.15,79,0,3.0,clear sky
419,Mapiri,BO,-15.25,-68.1667,83.16,66,97,2.53,overcast clouds
420,Saravan,AM,39.7196,45.6483,2.05,86,77,6.13,broken clouds
421,Bismarck,US,46.8083,-100.7837,8.82,68,0,3.0,clear sky
422,Sola,VU,-13.8833,167.55,83.35,74,90,13.11,overcast clouds
423,Thinadhoo,MV,0.5333,72.9333,81.63,73,96,3.56,overcast clouds
424,Bijar,IR,35.8668,47.6051,4.91,88,83,11.32,broken clouds
425,Tahoua,NE,14.8888,5.2692,73.38,16,0,9.22,clear sky
426,Krasnyy Chikoy,RU,50.3643,108.7512,1.89,99,100,0.13,overcast clouds
427,Marratxi,ES,39.6421,2.7539,49.71,72,10,1.01,clear sky
428,Kailua,US,21.4022,-157.7394,77.07,83,0,0.0,clear sky
429,Severo-Kurilsk,RU,50.6789,156.125,28.65,85,100,25.26,snow
430,Coahuayana,MX,18.7333,-103.6833,87.91,41,72,6.69,broken clouds
431,Kushmurun,KZ,52.4503,64.6311,3.7,93,100,2.75,overcast clouds
432,Thio,NC,-21.6167,166.2167,75.16,86,97,7.83,overcast clouds
433,Margate,GB,51.3813,1.3862,38.7,74,92,7.0,overcast clouds
434,Chuy,UY,-33.6971,-53.4616,82.31,74,36,13.4,scattered clouds
435,Egvekinot,RU,66.3167,-179.1667,-14.06,68,0,13.85,clear sky
436,Dukat,RU,62.55,155.55,-13.22,52,0,2.82,clear sky
437,Alyangula,AU,-13.8483,136.4192,78.67,100,100,4.61,overcast clouds
438,Obra,IN,24.4167,82.9833,57.96,47,93,5.21,overcast clouds
439,Iskateley,RU,67.6803,53.1512,18.77,93,99,18.5,overcast clouds
440,Havelock,US,34.8791,-76.9013,65.01,71,75,4.0,broken clouds
441,Banjarmasin,ID,-3.3244,114.591,75.34,95,100,3.47,heavy intensity rain
442,Ayr,GB,55.4627,-4.6339,40.98,87,75,2.3,broken clouds
443,Byron Bay,AU,-28.65,153.6167,69.87,72,78,18.63,broken clouds
444,Lebu,CL,-37.6167,-73.65,61.93,55,0,9.48,clear sky
445,Geraldton,AU,-28.7667,114.6,68.41,64,0,5.75,clear sky
446,Hearst,CA,49.6835,-83.6665,-9.15,84,100,8.05,overcast clouds
447,Hillsborough,US,37.5741,-122.3794,63.54,81,0,1.01,clear sky
448,Kidal,ML,18.4411,1.4078,65.3,17,0,10.16,clear sky
449,Santa Cruz,BO,-17.8,-63.1667,95.05,46,40,14.97,scattered clouds
450,Aichach,DE,48.4576,11.1341,33.55,93,0,14.97,clear sky
451,Magdagachi,RU,53.45,125.8,-18.22,95,5,2.35,clear sky
452,Krasnoselkup,RU,65.7,82.4667,7.68,94,100,16.69,overcast clouds
453,Vao,NC,-22.6667,167.4833,77.47,85,100,19.75,moderate rain
454,Okato,NZ,-39.2,173.8833,57.42,76,82,6.85,broken clouds
455,Kamaishi,JP,39.2667,141.8833,29.01,80,100,4.29,overcast clouds
456,Wonthaggi,AU,-38.6044,145.5913,60.71,86,0,8.68,clear sky
457,Fairbanks,US,64.8378,-147.7164,-5.4,77,20,0.0,few clouds
458,Kristiansund,NO,63.1115,7.732,34.45,75,75,14.97,light snow
459,Pangai,TO,-19.8,-174.35,81.88,81,8,20.58,clear sky
460,Rio Grande,BR,-32.035,-52.0986,93.31,79,6,18.88,clear sky
461,Naze,JP,28.3667,129.4833,53.47,64,86,11.03,overcast clouds
462,Usinsk,RU,65.9939,57.5281,15.26,93,100,26.15,light snow
463,Ponta Delgada,PT,37.7333,-25.6667,66.51,77,40,16.11,scattered clouds
464,Mikhaylovka,RU,50.06,43.2379,-1.89,100,100,5.75,overcast clouds
465,Peterhead,GB,57.5058,-1.7981,39.6,75,100,16.93,overcast clouds
466,Andenes,NO,69.3143,16.1194,33.78,69,75,32.21,broken clouds
467,Suntar,RU,62.1444,117.6319,5.22,96,96,4.72,overcast clouds
468,Tokmak,UA,47.2514,35.7058,34.11,92,100,16.04,overcast clouds
469,Broome,US,42.2506,-75.833,21.33,66,20,3.0,few clouds
470,Harlingen,US,26.1906,-97.6961,49.95,65,100,16.11,overcast clouds
471,Mubende,UG,0.5606,31.39,63.88,74,98,1.72,overcast clouds
472,Sawtell,AU,-30.3833,153.1,66.52,92,75,9.22,broken clouds
473,Langxiang,CN,46.95,128.8833,-14.66,99,10,2.55,clear sky
474,Nelson,NZ,-41.2833,173.2833,56.44,82,4,1.99,clear sky
475,Rochegda,RU,62.8,43.25,30.0,94,100,9.44,overcast clouds
476,Erenhot,CN,43.6475,111.9767,12.15,78,9,7.31,clear sky
477,Pitkyaranta,RU,61.5734,31.4792,29.84,98,100,6.71,light snow
478,Atherton,GB,53.5237,-2.4935,37.54,78,84,1.99,broken clouds
479,Gat,IL,31.61,34.7642,49.41,100,100,4.14,overcast clouds
480,Sierra Vista,US,31.5545,-110.3037,56.7,52,0,4.61,clear sky
481,Lakes Entrance,AU,-37.8811,147.981,53.58,89,4,5.41,clear sky
482,Bandarbeyla,SO,9.4942,50.8122,77.31,70,26,14.27,scattered clouds
483,Celestun,MX,20.8667,-90.4,80.73,62,0,8.23,clear sky
484,Turan,VN,16.0678,108.2208,69.78,88,75,1.14,broken clouds
485,Beidao,CN,34.5686,105.8933,37.27,89,100,2.91,overcast clouds
486,Mattoon,US,39.4831,-88.3728,21.42,49,0,13.8,clear sky
487,Darhan,MN,49.4867,105.9228,-0.13,99,86,1.9,overcast clouds
488,Atasu,KZ,48.6814,71.6433,6.67,92,10,7.74,clear sky
489,Shu,KZ,43.5983,73.7614,31.46,86,5,4.25,clear sky
490,Dire,ML,12.2833,-10.9667,83.64,13,98,4.94,overcast clouds
491,Wadi Musa,JO,30.3222,35.4793,30.25,84,6,1.77,clear sky
492,Lengshuitan,CN,26.4111,111.5956,50.83,93,100,1.21,overcast clouds
493,Lagos,NG,6.5833,3.75,84.52,55,99,4.65,overcast clouds
494,Foki,RU,56.693,54.3499,14.65,94,100,9.17,light snow
495,Sri Aman,MY,1.2376,111.4621,73.45,100,100,0.0,overcast clouds
496,Flin Flon,CA,54.7682,-101.865,-18.56,69,20,8.05,few clouds
497,Kizhinga,RU,51.8462,109.9097,-2.45,99,99,0.36,overcast clouds
498,San Ramon,US,37.7799,-121.978,62.1,76,0,1.01,clear sky
499,Nizhniy Tsasuchey,RU,50.5167,115.1333,-4.32,100,88,1.7,overcast clouds
500,Sept-Iles,CA,50.2001,-66.3821,11.05,65,20,11.01,few clouds
501,Akdepe,TM,42.0551,59.3788,30.29,87,6,11.48,clear sky
502,Todos Santos,MX,23.45,-110.2167,75.0,71,100,10.96,overcast clouds
503,Tiarei,PF,-17.5333,-149.3333,82.42,78,100,21.9,overcast clouds
504,Maceio,BR,-9.6658,-35.7353,89.04,55,20,13.8,few clouds
505,Pascagoula,US,30.3658,-88.5561,50.0,93,100,11.5,overcast clouds
506,Nova Mayachka,UA,46.6,33.2271,35.92,88,12,9.33,few clouds
507,Binga,ZW,-17.6203,27.3414,74.61,72,55,4.12,broken clouds
508,Xiongzhou,CN,25.1167,114.3,55.24,76,99,1.9,overcast clouds
509,Murgab,TM,37.4966,61.9714,46.27,71,0,9.22,clear sky
510,Ocampo,MX,21.65,-101.5,69.28,15,99,1.23,overcast clouds
511,Asau,RO,46.4333,26.4,35.4,80,13,8.25,few clouds
512,Cabra,ES,37.4725,-4.4421,48.9,54,0,3.04,clear sky
513,Carutapera,BR,-1.195,-46.02,83.84,69,25,8.39,scattered clouds
514,Pincher Creek,CA,49.4833,-113.952,44.53,69,0,16.11,clear sky
515,Kyrksaeterora,NO,63.2906,9.0891,34.45,85,100,11.34,light snow
516,Kisangani,CD,0.5167,25.2,75.69,74,100,2.66,overcast clouds
517,Mana,GF,5.6592,-53.7767,82.26,70,100,9.82,overcast clouds
518,Valle De Allende,MX,26.9333,-105.4,57.92,33,53,9.89,broken clouds
519,Batagay,RU,67.6333,134.6333,-34.2,92,43,2.98,scattered clouds
520,Kosonsoy,UZ,41.2561,71.5508,32.56,33,0,8.55,clear sky
521,Tahe,CN,52.3333,124.7333,-18.2,97,6,3.06,clear sky
522,Davila,PH,18.4726,120.5763,71.58,78,24,9.33,few clouds
523,Coacoyul,MX,17.8058,-99.11,79.21,36,81,4.76,broken clouds
524,Tiznit,MA,29.5833,-9.5,59.43,24,100,4.52,overcast clouds
525,Janakkala,FI,60.9,24.6,28.65,78,100,16.55,overcast clouds
526,Buenos Aires,AR,-34.6132,-58.3772,87.78,72,20,13.8,few clouds
527,Caborca,MX,30.5838,-111.101,64.29,34,0,5.28,clear sky
528,Conceicao Do Araguaia,BR,-8.2578,-49.2647,87.04,59,29,4.5,scattered clouds
529,Williams Lake,CA,52.1415,-122.1445,35.17,78,20,8.05,few clouds
530,Maralal,KE,1.0968,36.698,61.14,63,100,4.18,overcast clouds
531,Sinaloa,MX,25.0,-107.5,76.1,54,100,4.0,overcast clouds
532,Opuwo,NA,-18.0607,13.84,70.95,49,100,8.93,overcast clouds
533,Monywa,MM,22.1167,95.1333,64.38,57,0,2.77,clear sky
534,Rorvik,NO,64.8621,11.2373,31.98,74,40,14.97,scattered clouds
535,Auka,HN,14.9333,-83.8333,83.46,64,46,6.58,scattered clouds
536,Villa Bisono,DO,19.5638,-70.8758,86.38,57,0,15.03,clear sky
537,Dingle,PH,10.9995,122.6711,72.7,95,67,7.07,broken clouds
538,Qazvin,IR,36.2797,50.0049,25.93,38,100,16.2,overcast clouds
539,Puerto Madryn,AR,-42.7692,-65.0385,69.31,84,99,17.87,moderate rain
540,Luyang,CN,27.6239,110.0989,47.19,94,100,3.33,overcast clouds
541,Wagar,SD,16.1525,36.2032,69.04,52,0,14.58,clear sky
542,Toktogul,KG,41.8708,72.9402,23.85,64,16,5.28,few clouds
543,Ambanja,MG,-13.6833,48.45,73.38,97,100,1.57,moderate rain
544,Tabas,IR,33.5959,56.9244,48.63,25,0,5.14,clear sky
545,Nyurba,RU,63.2842,118.3319,-5.15,100,79,5.06,broken clouds
546,Ketchikan,US,55.3422,-131.6461,41.47,93,100,4.61,overcast clouds
547,Teahupoo,PF,-17.8333,-149.2667,76.96,77,100,23.24,overcast clouds
548,Okha,RU,53.5739,142.9478,-1.34,90,100,16.73,overcast clouds
549,Koshurnikovo,RU,54.1667,93.3,-10.26,100,100,3.33,overcast clouds
550,Tura,IN,25.5198,90.2201,54.41,83,69,3.58,broken clouds
551,Padang,ID,-0.9492,100.3543,75.25,78,100,2.19,moderate rain
552,Zverinogolovskoye,RU,54.4586,64.8542,8.11,92,100,7.99,overcast clouds
553,Ust-Kuyga,RU,70.0167,135.6,-32.85,98,98,7.49,overcast clouds
554,Shaunavon,CA,49.6501,-108.4181,8.38,87,100,17.31,overcast clouds
555,Lubango,AO,-14.9172,13.4925,60.49,43,100,3.8,overcast clouds
556,Vanimo,PG,-2.6741,141.3028,76.62,89,100,2.37,overcast clouds
557,Taloqan,AF,36.7361,69.5345,42.1,40,0,5.14,clear sky
558,Mathathane,BW,-22.2687,28.7495,78.78,45,5,14.58,clear sky
559,Maun,BW,-19.9833,23.4167,76.96,42,94,6.76,overcast clouds
560,Soskovo,RU,52.7475,35.3828,25.83,94,100,16.44,light snow
561,Yerbogachen,RU,61.2767,108.0108,7.86,96,100,5.7,overcast clouds
562,Severo-Yeniseyskiy,RU,60.3725,93.0408,6.69,95,100,5.3,overcast clouds
563,Yulara,AU,-25.2406,130.9889,71.44,78,40,14.97,scattered clouds
564,Acarau,BR,-2.8856,-40.12,84.22,66,99,15.37,overcast clouds
565,Hualmay,PE,-11.0964,-77.6139,76.06,74,70,13.51,broken clouds
566,Carballo,ES,43.213,-8.691,51.76,84,15,9.64,few clouds
567,Karaton,ID,-6.3424,106.1045,73.56,95,99,2.64,overcast clouds
568,Sandy Bay,AU,-42.913,147.3532,55.31,88,66,1.01,broken clouds
569,Soyo,AO,-6.1349,12.3689,78.85,78,5,10.07,clear sky
570,Yurgamysh,RU,55.3714,64.4656,8.67,92,100,7.45,overcast clouds
571,Emerald,AU,-23.5333,148.1667,73.54,94,40,11.5,scattered clouds
572,Aranos,NA,-24.1333,19.1167,80.92,39,100,10.96,overcast clouds
573,Jalu,LY,29.0331,21.5482,55.2,48,6,2.19,clear sky
574,Nabire,ID,-3.3667,135.4833,76.39,93,98,2.01,overcast clouds
575,Palmela,PT,38.569,-8.9013,55.96,71,0,6.91,clear sky
576,San Andres,CO,12.5847,-81.7006,86.02,66,40,12.66,scattered clouds
577,Glodeni,MD,47.7708,27.5144,39.4,63,100,6.31,overcast clouds
578,Camacha,PT,33.0833,-16.3333,62.02,68,20,23.02,few clouds
579,Finschhafen,PG,-6.6024,147.8681,79.07,83,100,3.49,moderate rain
580,Piacabucu,BR,-10.4056,-36.4344,84.34,65,0,10.78,clear sky
581,Mbarara,UG,-0.608,30.65,66.51,75,100,1.3,overcast clouds
582,Aracati,BR,-4.5617,-37.7697,85.33,59,87,11.43,overcast clouds
583,Ust-Kishert,RU,57.3654,57.2495,14.18,92,100,12.37,overcast clouds
584,San Cosme Y Damian,PY,-27.3167,-56.35,102.38,25,88,6.44,overcast clouds
585,Lakatoro,VU,-16.0999,167.4164,81.21,82,89,0.51,overcast clouds
586,San Pedro De Ycuamandiyu,PY,-24.0917,-57.0764,100.83,26,74,6.15,broken clouds
587,Port Lincoln,AU,-34.7333,135.8667,71.82,67,100,12.95,overcast clouds
588,Tieling,CN,42.2931,123.8414,6.31,76,3,4.43,clear sky
589,Claudio,BR,-20.4433,-44.7658,79.23,69,8,3.65,clear sky
590,Gerash,IR,27.6652,54.1371,48.34,52,0,10.63,clear sky
591,Lanzhou,CN,36.0564,103.7922,22.28,79,44,0.98,scattered clouds
592,Payo,ID,-3.7508,103.6372,70.93,97,100,1.88,overcast clouds
593,Francistown,BW,-21.17,27.5079,73.76,45,22,11.63,few clouds
594,Chulman,RU,56.8479,124.9104,-33.97,100,39,0.96,scattered clouds
595,Sioux Lookout,CA,50.1001,-91.917,-10.82,70,0,5.75,clear sky
596,Tezu,IN,27.9167,96.1667,59.85,54,100,0.09,overcast clouds
597,Lavrentiya,RU,65.5833,-171.0,-21.42,94,29,9.71,scattered clouds
598,Atambua,ID,-9.1061,124.8925,72.97,97,100,7.56,overcast clouds
599,Realeza,BR,-25.7689,-53.5325,94.87,28,97,6.04,overcast clouds
600,Port Hardy,CA,50.6996,-127.4199,44.76,93,100,4.61,light intensity shower rain
601,Sao Francisco Do Conde,BR,-12.6275,-38.68,87.82,63,71,9.73,broken clouds
602,Bumba,CD,2.1833,22.4667,76.26,57,100,0.67,overcast clouds
603,Prince Rupert,CA,54.3161,-130.3201,42.89,93,100,2.3,moderate rain
604,Obihiro,JP,42.9172,143.2044,3.72,91,42,3.91,scattered clouds
605,Heihe,CN,50.2441,127.4902,-17.61,99,11,2.04,few clouds
606,Sabzevar,IR,36.2126,57.6819,36.68,41,0,9.22,clear sky
607,Xining,CN,36.6167,101.7667,26.74,44,100,2.15,overcast clouds
608,Pombas,CV,17.1503,-25.0201,74.98,71,100,11.48,overcast clouds
609,Caravelas,BR,-17.7125,-39.2481,82.65,62,0,8.21,clear sky
610,Rivera,UY,-30.9053,-55.5508,90.77,43,69,13.65,broken clouds
611,Bairiki,KI,1.3292,172.9752,80.6,78,40,11.5,scattered clouds
612,Americus,US,32.0724,-84.2327,58.01,97,100,3.58,overcast clouds
613,Rockhampton,AU,-23.3833,150.5,73.29,83,75,8.05,broken clouds
614,Porto Walter,BR,-8.2686,-72.7439,81.88,86,100,1.61,light rain
615,Chitral,PK,35.8462,71.7858,25.09,56,7,7.05,clear sky
616,Iralaya,HN,15.0,-83.2333,80.73,74,8,12.66,clear sky
617,Ipojuca,BR,-8.3989,-35.0639,84.11,65,3,10.38,clear sky
618,Murmashi,RU,68.8154,32.8115,19.81,100,75,1.99,broken clouds
619,Broken Hill,AU,-31.95,141.4333,73.11,60,96,14.97,overcast clouds
620,Edea,CM,3.8,10.1333,82.18,79,91,2.84,overcast clouds
621,Elko,US,41.0002,-115.5012,36.05,82,64,3.0,broken clouds
622,Portland,US,45.5234,-122.6762,56.84,92,75,1.01,broken clouds
623,Kampot,KH,10.6167,104.1833,74.98,81,15,3.36,few clouds
624,Uaua,BR,-9.8414,-39.4817,95.5,22,25,9.51,scattered clouds
625,Maungaturoto,NZ,-36.1,174.3667,64.67,58,99,6.06,overcast clouds
626,Saint-Francois,FR,46.4154,3.9054,37.47,80,100,6.91,overcast clouds
627,Conakry,GN,9.538,-13.6773,84.27,74,40,9.22,haze
628,Takapau,NZ,-40.0333,176.35,56.44,68,0,1.63,clear sky
629,Rio Gallegos,AR,-51.6226,-69.2181,75.25,33,20,25.32,few clouds
630,Roald,NO,62.5833,6.1333,36.91,86,40,5.75,scattered clouds
631,Ravar,IR,31.2656,56.8055,49.42,36,0,14.07,clear sky
632,Morrope,PE,-6.5417,-80.0111,80.71,53,98,20.07,overcast clouds
633,Sabha,LY,27.0377,14.4283,53.17,44,15,8.46,few clouds
634,Ranong,TH,9.9658,98.6348,74.71,86,44,2.17,scattered clouds
635,Manta,EC,-0.95,-80.7333,85.78,58,40,16.11,scattered clouds
636,Makokou,GA,0.5738,12.8642,75.76,51,100,2.1,overcast clouds
637,Acapulco,MX,16.8634,-99.8901,83.93,58,17,6.93,few clouds
638,Aksu,CN,41.1231,80.2644,26.73,44,2,4.07,clear sky
639,Namwala,ZM,-15.7504,26.4384,65.77,95,99,3.85,light rain
640,Nizhniy Kuranakh,RU,58.8353,125.4869,-22.36,99,67,2.46,broken clouds
641,Tulca,RO,45.1667,28.8,35.98,56,75,4.61,broken clouds
642,Ulaanbaatar,MN,47.9077,106.8832,-7.47,77,0,0.0,clear sky
643,Vazante,BR,-17.9869,-46.9078,84.65,53,19,2.48,few clouds
644,Chaplynka,UA,46.3651,33.5403,35.8,87,30,12.06,scattered clouds
645,Arlit,NE,18.7369,7.3853,64.13,19,0,8.1,clear sky
646,Alice Springs,AU,-23.7,133.8833,78.35,83,75,6.91,broken clouds
647,Luga,RU,58.7372,29.8453,26.69,91,21,7.11,few clouds
648,Fare,PF,-16.7,-151.0167,80.78,77,100,20.98,light rain
649,Mount Isa,AU,-20.7333,139.5,76.77,94,100,5.75,overcast clouds
650,Palasa,IN,18.7667,84.4167,67.6,90,19,5.06,few clouds
651,Porto Novo,BJ,6.4965,2.6036,82.22,52,60,6.87,broken clouds
652,Camocim,BR,-2.9022,-40.8411,83.39,71,100,13.04,overcast clouds
653,Hisai,JP,34.6667,136.4667,37.2,77,47,11.99,scattered clouds
654,Palmer,US,42.1584,-72.3287,35.92,47,75,3.0,broken clouds
655,Zhanakorgan,KZ,43.9098,67.2495,27.57,83,5,6.78,clear sky
656,Ust-Uda,RU,54.1742,103.0304,-8.82,100,100,1.81,overcast clouds
657,Tilichiki,RU,60.4667,166.1,-18.04,81,13,8.46,few clouds
658,Linxia,CN,35.6003,103.2064,29.37,69,8,0.56,clear sky
659,Xilagani,GR,40.9833,25.4167,42.19,69,1,0.92,clear sky
660,Dharchula,IN,29.85,80.5333,43.95,85,72,5.61,broken clouds
661,Bogdanovich,RU,56.7803,62.0494,11.14,93,100,7.31,overcast clouds
662,Rujewa,TZ,-8.7,34.3833,67.6,85,100,3.31,light rain
663,Escanaba,US,45.7453,-87.0646,14.67,63,100,10.36,overcast clouds
664,Barmer,IN,25.75,71.3833,66.51,36,0,4.56,clear sky
665,Chinhoyi,ZW,-17.3667,30.2,66.0,70,91,4.83,overcast clouds
666,Plettenberg Bay,ZA,-34.0527,23.3716,70.02,85,61,8.68,broken clouds
667,Brewer,US,44.7967,-68.7614,28.83,57,99,8.01,overcast clouds
668,Issa,RU,53.8705,44.8578,5.25,96,69,10.0,broken clouds
669,Port Hawkesbury,CA,45.6169,-61.3485,36.43,95,100,5.99,light snow
670,El Real De Santa Maria,PA,8.109,-77.7325,87.37,70,86,4.43,overcast clouds
671,Gambela,ET,8.25,34.5833,82.15,26,45,2.15,scattered clouds
672,Manica,FR,49.0,-1.1667,40.41,86,33,3.44,scattered clouds
673,Pattani,TH,6.75,100.4167,74.62,93,1,2.98,clear sky
674,Odweyne,SO,9.4092,45.064,65.8,63,7,14.72,clear sky
675,Gouyave,GD,12.1646,-61.7296,83.17,65,40,25.32,scattered clouds
676,Bend,US,44.0582,-121.3153,51.49,72,0,4.0,clear sky
677,Stettler,CA,52.3168,-112.7186,39.04,93,100,16.11,overcast clouds
678,Colon,PA,9.3592,-79.9014,92.25,68,36,12.19,scattered clouds
679,Faya,SA,18.3851,42.4509,53.71,78,0,0.92,clear sky
680,Camapua,BR,-19.5314,-54.0439,85.86,53,87,5.06,overcast clouds
681,Labytnangi,RU,66.6572,66.4183,9.99,94,100,10.4,overcast clouds
682,Oktyabrskoye,RU,43.0645,44.7417,17.74,100,98,4.47,mist
683,Koslan,RU,63.4564,48.8989,19.24,94,100,9.06,overcast clouds
684,Tynda,RU,55.1667,124.7167,-25.26,95,10,2.33,clear sky
685,Douglas,US,41.3,-96.167,13.89,55,0,1.99,clear sky
686,Rameswaram,IN,9.2833,79.3,78.82,64,100,14.16,overcast clouds
687,Barrancabermeja,CO,7.0653,-73.8547,93.52,55,20,4.61,few clouds
